Date,Mood
2025-03-14,Happy

2025-03-14,Angry

2025-03-14,Happy
2025-03-14,Sad
2025-03-14,Angry
2025-03-14,Neutral
2025-03-14,Happy
2025-03-14,Happy
2025-03-14,Happy
2025-03-14,Happy
2025-03-14,Happy
2025-03-14,Happy
2025-03-14,Happy
2025-03-14,Happy
2025-03-14,Happy
2025-03-14,Happy
2025-03-14,Happy
2025-03-14,Happy
2025-03-14,Happy
2025-03-14,Happy
2025-03-14,Happy
2025-03-14,Happy
2025-03-14,Happy
2025-03-14,Happy
2025-03-14,Happy
2025-03-14,Happy
2025-03-14,Happy
2025-03-14,Happy
2025-03-14,Happy
2025-03-14,Happy
2025-03-14,Happy
2025-03-14,Happy
2025-03-14,Happy
2025-03-14,Happy
2025-03-14,Happy
2025-03-14,Happy
2025-03-14,Happy
2025-03-14,Happy
2025-03-14,Happy
2025-03-14,Happy
2025-03-14,Happy
2025-03-14,Happy
2025-03-14,Happy
2025-03-14,Sad
2025-03-14,Sad
2025-03-14,Sad
2025-03-14,Sad
2025-03-14,Sad
2025-03-14,Sad
2025-03-14,Sad
2025-03-14,Sad
2025-03-14,Sad
2025-03-14,Angry
2025-03-14,Happy
2025-03-14,Angry
2025-03-14,Sad
2025-03-14,Sad
2025-03-14,Angry
2025-03-14,Sad
2025-03-14,Happy
2025-03-14,Angry
2025-03-14,Angry
